1001,102,2,1894.33,Fulfilled
1002,103,1,1894.33,Fulfilled
1003,104,2,1894.33,Fulfilled
1004,105,1,1894.33,Fulfilled
1005,106,3,1894.33,Not Fulfilled
1006,107,3,1894.33,Fulfilled
1007,108,4,1894.33,Not Fulfilled
1008,109,4,1894.33,Fulfilled
1009,110,6,1894.33,Not Fulfilled
1010,111,8,1894.33,Fulfilled
1011,112,8,1894.33,Not Fulfilled
1012,113,6,1894.33,Not Fulfilled
1013,114,6,1894.33,Not Fulfilled
1014,115,11,1894.33,Fulfilled
1015,116,1,1894.33,Fulfilled
1016,117,16,1894.33,Not Fulfilled
1017,118,6,1894.33,Not Fulfilled
1018,119,4,1894.33,Fulfilled
1019,120,4,1894.33,Fulfilled
1020,121,2,1894.33,Fulfilled
1021,122,12,1894.33,Fulfilled
1022,123,1,1894.33,Fulfilled
1023,124,1,1894.33,Not Fulfilled
1024,125,6,1894.33,Not Fulfilled
1025,126,1,1894.33,Not Fulfilled
1026,127,7,1894.33,Fulfilled
1027,128,9,1894.33,Not Fulfilled
1028,129,5,1894.33,Fulfilled
1029,130,10,1894.33,Fulfilled
1030,131,1,1894.33,Not Fulfilled
1031,132,8,1894.33,Fulfilled
1032,133,3,1894.33,Fulfilled
1033,134,9,1894.33,Fulfilled
1034,135,1,1894.33,Not Fulfilled
1035,136,6,1894.33,Not Fulfilled
1036,137,1,1894.33,Not Fulfilled
1037,138,3,1894.33,Fulfilled
1038,139,25,1894.33,Not Fulfilled
1039,140,13,1894.33,Fulfilled
1040,141,34,1894.33,Not Fulfilled
1041,142,8,1894.33,Not Fulfilled
1042,143,3,1894.33,Fulfilled
1043,144,5,1894.33,Fulfilled
1044,145,35,1894.33,Not Fulfilled
1045,146,16,1894.33,Not Fulfilled
1046,147,2,1894.33,Fulfilled
1047,148,4,1894.33,Not Fulfilled
1048,149,9,1894.33,Not Fulfilled
1049,150,14,1894.33,Fulfilled
1050,151,12,1894.33,Not Fulfilled
1051,152,11,1894.33,Fulfilled
1052,153,5,1894.33,Not Fulfilled
1053,154,17,1894.33,Fulfilled
1054,155,18,1894.33,Fulfilled
1055,156,3,1894.33,Fulfilled
1056,157,20,1894.33,Fulfilled
1057,158,19,1894.33,Fulfilled
1058,159,12,1894.33,Fulfilled
1059,160,6,1894.33,Fulfilled
1060,161,19,1894.33,Not Fulfilled
1061,162,9,1894.33,Not Fulfilled
1062,163,2,1894.33,Fulfilled
1063,164,19,1894.33,Not Fulfilled
1064,165,13,1894.33,Not Fulfilled
1065,166,19,1894.33,Not Fulfilled
1066,167,28,1894.33,Fulfilled
1067,168,14,1894.33,Fulfilled
1068,169,15,1894.33,Not Fulfilled
1069,170,13,1894.33,Fulfilled
1070,171,30,1894.33,Fulfilled
1071,172,2,1894.33,Not Fulfilled
1072,173,12,1894.33,Fulfilled
1073,174,17,1894.33,Not Fulfilled
1074,175,8,1894.33,Fulfilled
1075,176,56,1894.33,Not Fulfilled
1076,177,61,1894.33,Not Fulfilled
1077,178,13,1894.33,Not Fulfilled
1078,179,5,1894.33,Fulfilled
1079,180,23,1894.33,Fulfilled
1080,181,35,1894.33,Not Fulfilled
1081,182,36,1894.33,Not Fulfilled
1082,183,38,1894.33,Fulfilled
1083,184,6,1894.33,Not Fulfilled
1084,185,4,1894.33,Not Fulfilled
1085,186,14,1894.33,Fulfilled
1086,187,41,1894.33,Fulfilled
1087,188,18,1894.33,Fulfilled
1088,189,11,1894.33,Not Fulfilled
1089,190,34,1894.33,Fulfilled
1090,191,8,1894.33,Fulfilled
1091,192,23,1894.33,Fulfilled
1092,193,35,1894.33,Not Fulfilled
1093,194,46,1894.33,Not Fulfilled
1094,195,9,1894.33,Fulfilled
1095,196,4,1894.33,Fulfilled
1096,197,26,1894.33,Not Fulfilled
1097,198,52,1894.33,Fulfilled
1098,199,6,1894.33,Not Fulfilled
1099,200,13,1894.33,Not Fulfilled
1100,201,30,1894.33,Fulfilled
1101,202,46,1894.33,Fulfilled
1102,203,79,1894.33,Fulfilled
1103,204,90,1894.33,Not Fulfilled
1104,205,24,1894.33,Fulfilled
1105,206,14,1894.33,Not Fulfilled
1106,207,4,1894.33,Not Fulfilled
1107,208,75,1894.33,Fulfilled
1108,209,11,1894.33,Fulfilled
1109,210,15,1894.33,Not Fulfilled
1110,211,77,1894.33,Not Fulfilled
1111,212,32,1894.33,Fulfilled
1112,213,86,1894.33,Not Fulfilled
1113,214,36,1894.33,Fulfilled
1114,215,13,1894.33,Fulfilled
1115,216,25,1894.33,Not Fulfilled
1116,217,3,1894.33,Not Fulfilled
1117,218,6,1894.33,Fulfilled
1118,219,7,1894.33,Fulfilled
1119,220,24,1894.33,Not Fulfilled
1120,221,21,1894.33,Fulfilled
1121,222,19,1894.33,Fulfilled
1122,223,39,1894.33,Fulfilled
1123,224,6,1894.33,Fulfilled
1124,225,1,1894.33,Not Fulfilled
1125,226,27,1894.33,Fulfilled
1126,227,59,1894.33,Fulfilled
1127,228,1,1894.33,Fulfilled
1128,229,66,1894.33,Fulfilled
1129,230,12,1894.33,Not Fulfilled
1130,231,57,1894.33,Not Fulfilled
1131,232,66,1894.33,Not Fulfilled
1132,233,27,1894.33,Not Fulfilled
1133,234,62,1894.33,Not Fulfilled
1134,235,51,1894.33,Not Fulfilled
1135,236,63,1894.33,Not Fulfilled
1136,237,16,1894.33,Not Fulfilled
1137,238,27,1894.33,Fulfilled
1138,239,58,1894.33,Fulfilled
1139,240,78,1894.33,Fulfilled
1140,241,5,1894.33,Fulfilled
1141,242,23,1894.33,Fulfilled
1142,243,32,1894.33,Not Fulfilled
1143,244,1,1894.33,Fulfilled
1144,245,8,1894.33,Not Fulfilled
1145,246,1,1894.33,Not Fulfilled
1146,247,22,1894.33,Fulfilled
1147,248,57,1894.33,Fulfilled
1148,249,11,1894.33,Not Fulfilled
1149,250,9,1894.33,Fulfilled
1150,251,25,1894.33,Not Fulfilled
1151,252,23,1894.33,Not Fulfilled
1152,253,25,1894.33,Not Fulfilled
1153,254,2,1894.33,Not Fulfilled
1154,255,63,1894.33,Fulfilled
1155,256,70,1894.33,Not Fulfilled
1156,257,95,1894.33,Not Fulfilled
1157,258,11,1894.33,Not Fulfilled
1158,259,2,1894.33,Fulfilled
1159,260,44,1894.33,Not Fulfilled
1160,261,88,1894.33,Fulfilled
1161,262,44,1894.33,Fulfilled
1162,263,53,1894.33,Fulfilled
1163,264,45,1894.33,Not Fulfilled
1164,265,33,1894.33,Fulfilled
1165,266,14,1894.33,Fulfilled
1166,267,155,1894.33,Fulfilled
1167,268,11,1894.33,Fulfilled
1168,269,95,1894.33,Fulfilled
1169,270,45,1894.33,Not Fulfilled
1170,271,82,1894.33,Not Fulfilled
1171,272,16,1894.33,Not Fulfilled
1172,273,14,1894.33,Not Fulfilled
1173,274,86,1894.33,Not Fulfilled
1174,275,4,1894.33,Fulfilled
1175,276,4,1894.33,Not Fulfilled
1176,277,8,1894.33,Fulfilled
1177,278,108,1894.33,Fulfilled
1178,279,120,1894.33,Fulfilled
1179,280,5,1894.33,Fulfilled
1180,281,22,1894.33,Fulfilled
1181,282,11,1894.33,Fulfilled
1182,283,30,1894.33,Not Fulfilled
1183,284,24,1894.33,Fulfilled
1184,285,1,1894.33,Not Fulfilled
1185,286,10,1894.33,Fulfilled
1186,287,107,1894.33,Not Fulfilled
1187,288,103,1894.33,Not Fulfilled
1188,289,1,1894.33,Fulfilled
1189,290,19,1894.33,Not Fulfilled
1190,291,22,1894.33,Fulfilled
1191,292,98,1894.33,Fulfilled
1192,293,12,1894.33,Not Fulfilled
1193,294,20,1894.33,Not Fulfilled
1194,295,40,1894.33,Fulfilled
1195,296,11,1894.33,Not Fulfilled
1196,297,50,1894.33,Fulfilled
1197,298,11,1894.33,Fulfilled
1198,299,124,1894.33,Fulfilled
1199,300,101,1894.33,Not Fulfilled
1200,301,48,1894.33,Fulfilled
1201,302,84,1894.33,Fulfilled
1202,303,121,1894.33,Not Fulfilled
1203,304,8,1894.33,Fulfilled
1204,305,19,1894.33,Not Fulfilled
1205,306,93,1894.33,Not Fulfilled
1206,307,10,1894.33,Fulfilled
1207,308,41,1894.33,Fulfilled
1208,309,51,1894.33,Not Fulfilled
1209,310,37,1894.33,Fulfilled
1210,311,3,1894.33,Not Fulfilled
1211,312,62,1894.33,Not Fulfilled
1212,313,11,1894.33,Not Fulfilled
1213,314,29,1894.33,Fulfilled
1214,315,39,1894.33,Not Fulfilled
1215,316,85,1894.33,Fulfilled
1216,317,48,1894.33,Fulfilled
1217,318,12,1894.33,Not Fulfilled
1218,319,7,1894.33,Not Fulfilled
1219,320,11,1894.33,Not Fulfilled
1220,321,64,1894.33,Fulfilled
1221,322,12,1894.33,Fulfilled
1222,323,19,1894.33,Fulfilled
1223,324,57,1894.33,Not Fulfilled
1224,325,49,1894.33,Fulfilled
1225,326,47,1894.33,Fulfilled
1226,327,9,1894.33,Not Fulfilled
1227,328,176,1894.33,Not Fulfilled
1228,329,58,1894.33,Fulfilled
1229,330,59,1894.33,Fulfilled
1230,331,69,1894.33,Fulfilled
1231,332,25,1894.33,Fulfilled
1232,333,15,1894.33,Not Fulfilled
1233,334,60,1894.33,Fulfilled
1234,335,8,1894.33,Not Fulfilled
1235,336,132,1894.33,Not Fulfilled
1236,337,91,1894.33,Not Fulfilled
1237,338,44,1894.33,Not Fulfilled
1238,339,14,1894.33,Not Fulfilled
1239,340,46,1894.33,Fulfilled
1240,341,6,1894.33,Fulfilled
1241,342,90,1894.33,Fulfilled
1242,343,8,1894.33,Not Fulfilled
1243,344,7,1894.33,Not Fulfilled
1244,345,75,1894.33,Not Fulfilled
1245,346,61,1894.33,Fulfilled
1246,347,100,1894.33,Fulfilled
1247,348,3,1894.33,Not Fulfilled
1248,349,123,1894.33,Not Fulfilled
1249,350,72,1894.33,Not Fulfilled
1250,351,21,1894.33,Not Fulfilled
1251,352,98,1894.33,Not Fulfilled
1252,353,176,1894.33,Fulfilled
1253,354,19,1894.33,Not Fulfilled
1254,355,65,1894.33,Not Fulfilled
1255,356,164,1894.33,Fulfilled
1256,357,111,1894.33,Not Fulfilled
1257,358,26,1894.33,Not Fulfilled
1258,359,69,1894.33,Fulfilled
1259,360,28,1894.33,Fulfilled
1260,361,27,1894.33,Fulfilled
1261,362,6,1894.33,Not Fulfilled
1262,363,120,1894.33,Not Fulfilled
1263,364,155,1894.33,Not Fulfilled
1264,365,67,1894.33,Not Fulfilled
1265,366,213,1894.33,Not Fulfilled
1266,367,29,1894.33,Fulfilled
1267,368,8,1894.33,Fulfilled
1268,369,14,1894.33,Not Fulfilled
1269,370,15,1894.33,Fulfilled
1270,371,21,1894.33,Fulfilled
1271,372,87,1894.33,Not Fulfilled
1272,373,17,1894.33,Not Fulfilled
1273,374,40,1894.33,Fulfilled
1274,375,95,1894.33,Fulfilled
1275,376,143,1894.33,Fulfilled
1276,377,13,1894.33,Not Fulfilled
1277,378,28,1894.33,Fulfilled
1278,379,143,1894.33,Not Fulfilled
1279,380,14,1894.33,Not Fulfilled
1280,381,168,1894.33,Not Fulfilled
1281,382,65,1894.33,Fulfilled
1282,383,184,1894.33,Fulfilled
1283,384,68,1894.33,Fulfilled
1284,385,95,1894.33,Fulfilled
1285,386,146,1894.33,Not Fulfilled
1286,387,21,1894.33,Not Fulfilled
1287,388,68,1894.33,Fulfilled
1288,389,204,1894.33,Not Fulfilled
1289,390,11,1894.33,Not Fulfilled
1290,391,152,1894.33,Not Fulfilled
1291,392,47,1894.33,Not Fulfilled
1292,393,39,1894.33,Fulfilled
1293,394,30,1894.33,Not Fulfilled
1294,395,16,1894.33,Fulfilled
1295,396,82,1894.33,Not Fulfilled
1296,397,96,1894.33,Fulfilled
1297,398,11,1894.33,Not Fulfilled
1298,399,271,1894.33,Fulfilled
1299,400,2,1894.33,Not Fulfilled
1300,401,1,1894.33,Not Fulfilled
1301,402,139,1894.33,Not Fulfilled
1302,403,241,1894.33,Not Fulfilled
1303,404,95,1894.33,Fulfilled
1304,405,55,1894.33,Fulfilled
1305,406,291,1894.33,Fulfilled
1306,407,98,1894.33,Not Fulfilled
1307,408,134,1894.33,Not Fulfilled
1308,409,52,1894.33,Fulfilled
1309,410,1,1894.33,Fulfilled
1310,411,85,1894.33,Fulfilled
1311,412,19,1894.33,Not Fulfilled
1312,413,9,1894.33,Fulfilled
1313,414,123,1894.33,Fulfilled
1314,415,29,1894.33,Fulfilled
1315,416,86,1894.33,Not Fulfilled
1316,417,6,1894.33,Fulfilled
1317,418,12,1894.33,Not Fulfilled
1318,419,103,1894.33,Fulfilled
1319,420,18,1894.33,Fulfilled
1320,421,46,1894.33,Not Fulfilled
1321,422,33,1894.33,Not Fulfilled
1322,423,9,1894.33,Not Fulfilled
1323,424,40,1894.33,Fulfilled
1324,425,24,1894.33,Fulfilled
1325,426,63,1894.33,Fulfilled
1326,427,80,1894.33,Fulfilled
1327,428,228,1894.33,Fulfilled
1328,429,124,1894.33,Not Fulfilled
1329,430,131,1894.33,Not Fulfilled
1330,431,13,1894.33,Fulfilled
1331,432,32,1894.33,Not Fulfilled
1332,433,215,1894.33,Fulfilled
1333,434,56,1894.33,Not Fulfilled
1334,435,196,1894.33,Fulfilled
1335,436,2,1894.33,Fulfilled
1336,437,100,1894.33,Fulfilled
1337,438,185,1894.33,Fulfilled
1338,439,72,1894.33,Fulfilled
1339,440,65,1894.33,Fulfilled
1340,441,49,1894.33,Not Fulfilled
1341,442,77,1894.33,Not Fulfilled
1342,443,75,1894.33,Fulfilled
1343,444,82,1894.33,Fulfilled
1344,445,27,1894.33,Not Fulfilled
1345,446,2,1894.33,Not Fulfilled
1346,447,266,1894.33,Fulfilled
1347,448,241,1894.33,Not Fulfilled
1348,449,28,1894.33,Not Fulfilled
1349,450,220,1894.33,Not Fulfilled
1350,451,52,1894.33,Not Fulfilled
1351,452,70,1894.33,Not Fulfilled
1352,453,9,1894.33,Not Fulfilled
1353,454,25,1894.33,Fulfilled
1354,455,12,1894.33,Fulfilled
1355,456,40,1894.33,Fulfilled
1356,457,221,1894.33,Fulfilled
1357,458,180,1894.33,Fulfilled
1358,459,51,1894.33,Fulfilled
1359,460,207,1894.33,Fulfilled
1360,461,63,1894.33,Fulfilled
1361,462,103,1894.33,Fulfilled
1362,463,65,1894.33,Not Fulfilled
1363,464,18,1894.33,Fulfilled
1364,465,32,1894.33,Fulfilled
1365,466,77,1894.33,Not Fulfilled
1366,467,186,1894.33,Fulfilled
1367,468,250,1894.33,Fulfilled
1368,469,27,1894.33,Not Fulfilled
1369,470,62,1894.33,Not Fulfilled
1370,471,148,1894.33,Fulfilled
1371,472,213,1894.33,Not Fulfilled
1372,473,189,1894.33,Fulfilled
1373,474,57,1894.33,Fulfilled
1374,475,65,1894.33,Not Fulfilled
1375,476,64,1894.33,Fulfilled
1376,477,75,1894.33,Not Fulfilled
1377,478,49,1894.33,Fulfilled
1378,479,104,1894.33,Fulfilled
1379,480,69,1894.33,Fulfilled
1380,481,145,1894.33,Fulfilled
1381,482,148,1894.33,Not Fulfilled
1382,483,36,1894.33,Fulfilled
1383,484,30,1894.33,Not Fulfilled
1384,485,26,1894.33,Not Fulfilled
1385,486,203,1894.33,Fulfilled
1386,487,207,1894.33,Not Fulfilled
1387,488,6,1894.33,Not Fulfilled
1388,489,94,1894.33,Not Fulfilled
1389,490,213,1894.33,Not Fulfilled
1390,491,233,1894.33,Fulfilled
1391,492,82,1894.33,Not Fulfilled
1392,493,156,1894.33,Not Fulfilled
1393,494,44,1894.33,Not Fulfilled
1394,495,90,1894.33,Fulfilled
1395,496,6,1894.33,Not Fulfilled
1396,497,67,1894.33,Fulfilled
1397,498,26,1894.33,Fulfilled
1398,499,61,1894.33,Not Fulfilled
1399,500,79,1894.33,Fulfilled
1400,501,130,1894.33,Not Fulfilled
1401,502,28,1894.33,Not Fulfilled
1402,503,45,1894.33,Not Fulfilled
1403,504,176,1894.33,Fulfilled
1404,505,1,1894.33,Fulfilled
1405,506,92,1894.33,Fulfilled
1406,507,201,1894.33,Not Fulfilled
1407,508,139,1894.33,Fulfilled
1408,509,61,1894.33,Not Fulfilled
1409,510,71,1894.33,Not Fulfilled
1410,511,160,1894.33,Fulfilled
1411,512,6,1894.33,Fulfilled
1412,513,30,1894.33,Not Fulfilled
1413,514,11,1894.33,Not Fulfilled
1414,515,156,1894.33,Not Fulfilled
1415,516,72,1894.33,Not Fulfilled
1416,517,5,1894.33,Not Fulfilled
1417,518,13,1894.33,Fulfilled
1418,519,29,1894.33,Not Fulfilled
1419,520,37,1894.33,Fulfilled
1420,521,187,1894.33,Fulfilled
1421,522,171,1894.33,Not Fulfilled
1422,523,2,1894.33,Not Fulfilled
1423,524,70,1894.33,Not Fulfilled
1424,525,351,1894.33,Not Fulfilled
1425,526,11,1894.33,Not Fulfilled
1426,527,90,1894.33,Fulfilled
1427,528,250,1894.33,Fulfilled
1428,529,17,1894.33,Not Fulfilled
1429,530,6,1894.33,Fulfilled
1430,531,71,1894.33,Not Fulfilled
1431,532,13,1894.33,Not Fulfilled
1432,533,25,1894.33,Not Fulfilled
1433,534,255,1894.33,Fulfilled
1434,535,34,1894.33,Not Fulfilled
1435,536,250,1894.33,Fulfilled
1436,537,200,1894.33,Not Fulfilled
1437,538,2,1894.33,Not Fulfilled
1438,539,259,1894.33,Fulfilled
1439,540,80,1894.33,Not Fulfilled
1440,541,43,1894.33,Fulfilled
1441,542,206,1894.33,Fulfilled
1442,543,228,1894.33,Not Fulfilled
1443,544,11,1894.33,Fulfilled
1444,545,4,1894.33,Not Fulfilled
1445,546,21,1894.33,Not Fulfilled
1446,547,278,1894.33,Not Fulfilled
1447,548,269,1894.33,Not Fulfilled
1448,549,31,1894.33,Not Fulfilled
1449,550,25,1894.33,Fulfilled
1450,551,243,1894.33,Fulfilled
1451,552,66,1894.33,Fulfilled
1452,553,169,1894.33,Not Fulfilled
1453,554,137,1894.33,Fulfilled
1454,555,276,1894.33,Not Fulfilled
1455,556,145,1894.33,Fulfilled
1456,557,112,1894.33,Not Fulfilled
1457,558,142,1894.33,Fulfilled
1458,559,272,1894.33,Fulfilled
1459,560,191,1894.33,Fulfilled
1460,561,247,1894.33,Not Fulfilled
1461,562,35,1894.33,Not Fulfilled
1462,563,198,1894.33,Fulfilled
1463,564,242,1894.33,Fulfilled
1464,565,71,1894.33,Not Fulfilled
1465,566,8,1894.33,Fulfilled
1466,567,38,1894.33,Fulfilled
1467,568,104,1894.33,Not Fulfilled
1468,569,15,1894.33,Fulfilled
1469,570,153,1894.33,Not Fulfilled
1470,571,178,1894.33,Fulfilled
1471,572,153,1894.33,Fulfilled
1472,573,82,1894.33,Fulfilled
1473,574,14,1894.33,Not Fulfilled
1474,575,14,1894.33,Fulfilled
1475,576,2,1894.33,Fulfilled
1476,577,304,1894.33,Not Fulfilled
1477,578,28,1894.33,Not Fulfilled
1478,579,78,1894.33,Not Fulfilled
1479,580,271,1894.33,Not Fulfilled
1480,581,149,1894.33,Not Fulfilled
1481,582,218,1894.33,Not Fulfilled
1482,583,214,1894.33,Not Fulfilled
1483,584,22,1894.33,Not Fulfilled
1484,585,84,1894.33,Fulfilled
1485,586,21,1894.33,Fulfilled
1486,587,63,1894.33,Fulfilled
1487,588,11,1894.33,Not Fulfilled
1488,589,162,1894.33,Fulfilled
1489,590,222,1894.33,Fulfilled
1490,591,243,1894.33,Not Fulfilled
1491,592,203,1894.33,Not Fulfilled
1492,593,188,1894.33,Fulfilled
1493,594,155,1894.33,Not Fulfilled
1494,595,1,1894.33,Fulfilled
1495,596,69,1894.33,Fulfilled
1496,597,32,1894.33,Not Fulfilled
1497,598,81,1894.33,Not Fulfilled
1498,599,157,1894.33,Not Fulfilled
1499,600,64,1894.33,Fulfilled
1500,601,270,1894.33,Not Fulfilled
1501,602,182,1894.33,Not Fulfilled
1502,603,81,1894.33,Not Fulfilled
1503,604,46,1894.33,Fulfilled
1504,605,293,1894.33,Not Fulfilled
1505,606,77,1894.33,Fulfilled
1506,607,99,1894.33,Not Fulfilled
1507,608,317,1894.33,Not Fulfilled
1508,609,18,1894.33,Not Fulfilled
1509,610,22,1894.33,Not Fulfilled
1510,611,215,1894.33,Not Fulfilled
1511,612,63,1894.33,Fulfilled
1512,613,73,1894.33,Fulfilled
1513,614,34,1894.33,Fulfilled
1514,615,81,1894.33,Not Fulfilled
1515,616,145,1894.33,Fulfilled
1516,617,6,1894.33,Fulfilled
1517,618,102,1894.33,Not Fulfilled
1518,619,131,1894.33,Not Fulfilled
1519,620,11,1894.33,Not Fulfilled
1520,621,60,1894.33,Fulfilled
1521,622,2,1894.33,Fulfilled
1522,623,99,1894.33,Fulfilled
1523,624,81,1894.33,Not Fulfilled
1524,625,10,1894.33,Fulfilled
1525,626,413,1894.33,Fulfilled
1526,627,48,1894.33,Fulfilled
1527,628,345,1894.33,Not Fulfilled
1528,629,49,1894.33,Fulfilled
1529,630,186,1894.33,Fulfilled
1530,631,96,1894.33,Not Fulfilled
1531,632,300,1894.33,Fulfilled
1532,633,24,1894.33,Fulfilled
1533,634,177,1894.33,Not Fulfilled
1534,635,118,1894.33,Not Fulfilled
1535,636,201,1894.33,Fulfilled
1536,637,3,1894.33,Fulfilled
1537,638,115,1894.33,Not Fulfilled
1538,639,25,1894.33,Not Fulfilled
1539,640,193,1894.33,Not Fulfilled
1540,641,15,1894.33,Not Fulfilled
1541,642,4,1894.33,Not Fulfilled
1542,643,21,1894.33,Not Fulfilled
1543,644,60,1894.33,Fulfilled
1544,645,40,1894.33,Not Fulfilled
1545,646,15,1894.33,Fulfilled
1546,647,204,1894.33,Fulfilled
1547,648,35,1894.33,Fulfilled
1548,649,33,1894.33,Fulfilled
1549,650,84,1894.33,Fulfilled
1550,651,106,1894.33,Not Fulfilled
1551,652,7,1894.33,Fulfilled
1552,653,65,1894.33,Fulfilled
1553,654,15,1894.33,Not Fulfilled
1554,655,93,1894.33,Not Fulfilled
1555,656,83,1894.33,Fulfilled
1556,657,161,1894.33,Not Fulfilled
1557,658,105,1894.33,Fulfilled
1558,659,23,1894.33,Not Fulfilled
1559,660,409,1894.33,Fulfilled
1560,661,379,1894.33,Fulfilled
1561,662,144,1894.33,Fulfilled
1562,663,8,1894.33,Not Fulfilled
1563,664,2,1894.33,Not Fulfilled
1564,665,180,1894.33,Not Fulfilled
1565,666,194,1894.33,Not Fulfilled
1566,667,66,1894.33,Not Fulfilled
1567,668,244,1894.33,Fulfilled
1568,669,35,1894.33,Fulfilled
1569,670,31,1894.33,Fulfilled
1570,671,4,1894.33,Fulfilled
1571,672,59,1894.33,Fulfilled
1572,673,131,1894.33,Fulfilled
1573,674,17,1894.33,Not Fulfilled
1574,675,104,1894.33,Not Fulfilled
1575,676,25,1894.33,Not Fulfilled
1576,677,1,1894.33,Not Fulfilled
1577,678,360,1894.33,Not Fulfilled
1578,679,147,1894.33,Not Fulfilled
1579,680,250,1894.33,Not Fulfilled
1580,681,83,1894.33,Not Fulfilled
1581,682,74,1894.33,Fulfilled
1582,683,108,1894.33,Fulfilled
1583,684,73,1894.33,Fulfilled
1584,685,20,1894.33,Not Fulfilled
1585,686,25,1894.33,Fulfilled
1586,687,98,1894.33,Not Fulfilled
1587,688,42,1894.33,Not Fulfilled
1588,689,113,1894.33,Not Fulfilled
1589,690,330,1894.33,Fulfilled
1590,691,35,1894.33,Fulfilled
1591,692,116,1894.33,Not Fulfilled
1592,693,262,1894.33,Fulfilled
1593,694,177,1894.33,Not Fulfilled
1594,695,350,1894.33,Fulfilled
1595,696,330,1894.33,Not Fulfilled
1596,697,45,1894.33,Not Fulfilled
1597,698,66,1894.33,Fulfilled
1598,699,265,1894.33,Fulfilled
1599,700,64,1894.33,Fulfilled
1600,701,324,1894.33,Not Fulfilled
1601,702,560,1894.33,Fulfilled
1602,703,86,1894.33,Not Fulfilled
1603,704,333,1894.33,Fulfilled
1604,705,99,1894.33,Fulfilled
1605,706,446,1894.33,Fulfilled
1606,707,342,1894.33,Fulfilled
1607,708,18,1894.33,Fulfilled
1608,709,181,1894.33,Fulfilled
1609,710,12,1894.33,Not Fulfilled
1610,711,158,1894.33,Not Fulfilled
1611,712,87,1894.33,Not Fulfilled
1612,713,199,1894.33,Fulfilled
1613,714,32,1894.33,Not Fulfilled
1614,715,155,1894.33,Not Fulfilled
1615,716,40,1894.33,Fulfilled
1616,717,268,1894.33,Fulfilled
1617,718,447,1894.33,Not Fulfilled
1618,719,113,1894.33,Not Fulfilled
1619,720,122,1894.33,Fulfilled
1620,721,260,1894.33,Fulfilled
1621,722,367,1894.33,Not Fulfilled
1622,723,63,1894.33,Not Fulfilled
1623,724,88,1894.33,Fulfilled
1624,725,16,1894.33,Fulfilled
1625,726,47,1894.33,Not Fulfilled
1626,727,29,1894.33,Not Fulfilled
1627,728,110,1894.33,Not Fulfilled
1628,729,71,1894.33,Not Fulfilled
1629,730,251,1894.33,Fulfilled
1630,731,130,1894.33,Not Fulfilled
1631,732,108,1894.33,Not Fulfilled
1632,733,137,1894.33,Not Fulfilled
1633,734,28,1894.33,Fulfilled
1634,735,167,1894.33,Fulfilled
1635,736,301,1894.33,Not Fulfilled
1636,737,2,1894.33,Fulfilled
1637,738,69,1894.33,Not Fulfilled
1638,739,372,1894.33,Fulfilled
1639,740,93,1894.33,Not Fulfilled
1640,741,92,1894.33,Fulfilled
1641,742,10,1894.33,Not Fulfilled
1642,743,259,1894.33,Not Fulfilled
1643,744,350,1894.33,Not Fulfilled
1644,745,221,1894.33,Not Fulfilled
1645,746,157,1894.33,Fulfilled
1646,747,208,1894.33,Not Fulfilled
1647,748,49,1894.33,Not Fulfilled
1648,749,325,1894.33,Fulfilled
1649,750,92,1894.33,Not Fulfilled
1650,751,104,1894.33,Not Fulfilled
1651,752,133,1894.33,Fulfilled
1652,753,507,1894.33,Fulfilled
1653,754,175,1894.33,Not Fulfilled
1654,755,323,1894.33,Not Fulfilled
1655,756,74,1894.33,Fulfilled
1656,757,112,1894.33,Not Fulfilled
1657,758,162,1894.33,Not Fulfilled
1658,759,33,1894.33,Fulfilled
1659,760,100,1894.33,Not Fulfilled
1660,761,389,1894.33,Fulfilled
1661,762,159,1894.33,Fulfilled
1662,763,8,1894.33,Fulfilled
1663,764,52,1894.33,Fulfilled
1664,765,593,1894.33,Not Fulfilled
1665,766,456,1894.33,Fulfilled
1666,767,223,1894.33,Not Fulfilled
1667,768,445,1894.33,Fulfilled
1668,769,3,1894.33,Not Fulfilled
1669,770,533,1894.33,Not Fulfilled
1670,771,106,1894.33,Not Fulfilled
1671,772,354,1894.33,Fulfilled
1672,773,28,1894.33,Fulfilled
1673,774,196,1894.33,Not Fulfilled
1674,775,11,1894.33,Not Fulfilled
1675,776,208,1894.33,Fulfilled
1676,777,482,1894.33,Fulfilled
1677,778,68,1894.33,Fulfilled
1678,779,1,1894.33,Fulfilled
1679,780,47,1894.33,Not Fulfilled
1680,781,137,1894.33,Not Fulfilled
1681,782,58,1894.33,Not Fulfilled
1682,783,149,1894.33,Fulfilled
1683,784,18,1894.33,Not Fulfilled
1684,785,619,1894.33,Not Fulfilled
1685,786,32,1894.33,Not Fulfilled
1686,787,34,1894.33,Not Fulfilled
1687,788,124,1894.33,Not Fulfilled
1688,789,202,1894.33,Not Fulfilled
1689,790,1,1894.33,Fulfilled
1690,791,92,1894.33,Not Fulfilled
1691,792,27,1894.33,Fulfilled
1692,793,134,1894.33,Fulfilled
1693,794,149,1894.33,Not Fulfilled
1694,795,52,1894.33,Not Fulfilled
1695,796,138,1894.33,Not Fulfilled
1696,797,204,1894.33,Fulfilled
1697,798,58,1894.33,Fulfilled
1698,799,470,1894.33,Not Fulfilled
1699,800,234,1894.33,Not Fulfilled
1700,801,115,1894.33,Fulfilled
1701,802,106,1894.33,Not Fulfilled
1702,803,8,1894.33,Fulfilled
1703,804,80,1894.33,Fulfilled
1704,805,313,1894.33,Not Fulfilled
1705,806,5,1894.33,Not Fulfilled
1706,807,515,1894.33,Not Fulfilled
1707,808,344,1894.33,Fulfilled
1708,809,358,1894.33,Fulfilled
1709,810,16,1894.33,Not Fulfilled
1710,811,570,1894.33,Not Fulfilled
1711,812,358,1894.33,Not Fulfilled
1712,813,512,1894.33,Not Fulfilled
1713,814,291,1894.33,Not Fulfilled
1714,815,42,1894.33,Fulfilled
1715,816,61,1894.33,Fulfilled
1716,817,380,1894.33,Fulfilled
1717,818,157,1894.33,Fulfilled
1718,819,231,1894.33,Not Fulfilled
1719,820,115,1894.33,Not Fulfilled
1720,821,12,1894.33,Fulfilled
1721,822,95,1894.33,Fulfilled
1722,823,78,1894.33,Fulfilled
1723,824,69,1894.33,Fulfilled
1724,825,46,1894.33,Not Fulfilled
1725,826,26,1894.33,Fulfilled
1726,827,210,1894.33,Not Fulfilled
1727,828,59,1894.33,Fulfilled
1728,829,439,1894.33,Fulfilled
1729,830,296,1894.33,Not Fulfilled
1730,831,80,1894.33,Not Fulfilled
1731,832,549,1894.33,Fulfilled
1732,833,333,1894.33,Fulfilled
1733,834,463,1894.33,Not Fulfilled
1734,835,182,1894.33,Not Fulfilled
1735,836,6,1894.33,Not Fulfilled
1736,837,10,1894.33,Not Fulfilled
1737,838,194,1894.33,Fulfilled
1738,839,33,1894.33,Fulfilled
1739,840,362,1894.33,Fulfilled
1740,841,121,1894.33,Fulfilled
1741,842,21,1894.33,Fulfilled
1742,843,71,1894.33,Not Fulfilled
1743,844,42,1894.33,Not Fulfilled
1744,845,345,1894.33,Not Fulfilled
1745,846,684,1894.33,Fulfilled
1746,847,162,1894.33,Not Fulfilled
1747,848,122,1894.33,Not Fulfilled
1748,849,83,1894.33,Fulfilled
1749,850,458,1894.33,Not Fulfilled
1750,851,72,1894.33,Not Fulfilled
1751,852,221,1894.33,Fulfilled
1752,853,202,1894.33,Fulfilled
1753,854,42,1894.33,Not Fulfilled
1754,855,455,1894.33,Fulfilled
1755,856,155,1894.33,Not Fulfilled
1756,857,192,1894.33,Not Fulfilled
1757,858,189,1894.33,Not Fulfilled
1758,859,33,1894.33,Not Fulfilled
1759,860,78,1894.33,Fulfilled
1760,861,44,1894.33,Fulfilled
1761,862,227,1894.33,Fulfilled
1762,863,100,1894.33,Not Fulfilled
1763,864,62,1894.33,Fulfilled
1764,865,54,1894.33,Fulfilled
1765,866,126,1894.33,Fulfilled
1766,867,90,1894.33,Not Fulfilled
1767,868,81,1894.33,Fulfilled
1768,869,234,1894.33,Fulfilled
1769,870,157,1894.33,Fulfilled
1770,871,116,1894.33,Not Fulfilled
1771,872,45,1894.33,Not Fulfilled
1772,873,338,1894.33,Fulfilled
1773,874,345,1894.33,Fulfilled
1774,875,2,1894.33,Not Fulfilled
1775,876,6,1894.33,Not Fulfilled
1776,877,448,1894.33,Not Fulfilled
1777,878,229,1894.33,Fulfilled
1778,879,66,1894.33,Fulfilled
1779,880,258,1894.33,Fulfilled
1780,881,329,1894.33,Fulfilled
1781,882,206,1894.33,Fulfilled
1782,883,164,1894.33,Fulfilled
1783,884,117,1894.33,Fulfilled
1784,885,38,1894.33,Not Fulfilled
1785,886,101,1894.33,Fulfilled
1786,887,46,1894.33,Not Fulfilled
1787,888,324,1894.33,Not Fulfilled
1788,889,6,1894.33,Not Fulfilled
1789,890,654,1894.33,Not Fulfilled
1790,891,382,1894.33,Not Fulfilled
1791,892,12,1894.33,Fulfilled
1792,893,111,1894.33,Not Fulfilled
1793,894,69,1894.33,Not Fulfilled
1794,895,134,1894.33,Not Fulfilled
1795,896,254,1894.33,Not Fulfilled
1796,897,275,1894.33,Not Fulfilled
1797,898,21,1894.33,Not Fulfilled
1798,899,220,1894.33,Not Fulfilled
1799,900,389,1894.33,Fulfilled
1800,901,49,1894.33,Not Fulfilled
1801,902,91,1894.33,Fulfilled
1802,903,355,1894.33,Fulfilled
1803,904,126,1894.33,Fulfilled
1804,905,472,1894.33,Not Fulfilled
1805,906,218,1894.33,Not Fulfilled
1806,907,10,1894.33,Not Fulfilled
1807,908,103,1894.33,Not Fulfilled
1808,909,333,1894.33,Not Fulfilled
1809,910,96,1894.33,Fulfilled
1810,911,11,1894.33,Not Fulfilled
1811,912,134,1894.33,Fulfilled
1812,913,315,1894.33,Fulfilled
1813,914,20,1894.33,Fulfilled
1814,915,63,1894.33,Fulfilled
1815,916,20,1894.33,Fulfilled
1816,917,110,1894.33,Fulfilled
1817,918,328,1894.33,Fulfilled
1818,919,328,1894.33,Not Fulfilled
1819,920,34,1894.33,Not Fulfilled
1820,921,267,1894.33,Fulfilled
1821,922,185,1894.33,Not Fulfilled
1822,923,166,1894.33,Fulfilled
1823,924,247,1894.33,Not Fulfilled
1824,925,359,1894.33,Fulfilled
1825,926,301,1894.33,Not Fulfilled
1826,927,182,1894.33,Not Fulfilled
1827,928,251,1894.33,Not Fulfilled
1828,929,21,1894.33,Fulfilled
1829,930,241,1894.33,Fulfilled
1830,931,240,1894.33,Fulfilled
1831,932,205,1894.33,Fulfilled
1832,933,234,1894.33,Not Fulfilled
1833,934,296,1894.33,Not Fulfilled
1834,935,58,1894.33,Not Fulfilled
1835,936,61,1894.33,Fulfilled
1836,937,18,1894.33,Not Fulfilled
1837,938,59,1894.33,Not Fulfilled
1838,939,291,1894.33,Not Fulfilled
1839,940,110,1894.33,Fulfilled
1840,941,234,1894.33,Fulfilled
1841,942,147,1894.33,Not Fulfilled
1842,943,90,1894.33,Fulfilled
1843,944,721,1894.33,Fulfilled
1844,945,98,1894.33,Fulfilled
1845,946,33,1894.33,Fulfilled
1846,947,63,1894.33,Fulfilled
1847,948,94,1894.33,Not Fulfilled
1848,949,425,1894.33,Not Fulfilled
1849,950,55,1894.33,Fulfilled
1850,951,460,1894.33,Not Fulfilled
1851,952,318,1894.33,Not Fulfilled
1852,953,391,1894.33,Fulfilled
1853,954,152,1894.33,Not Fulfilled
1854,955,257,1894.33,Not Fulfilled
1855,956,82,1894.33,Fulfilled
1856,957,230,1894.33,Fulfilled
1857,958,447,1894.33,Not Fulfilled
1858,959,82,1894.33,Fulfilled
1859,960,11,1894.33,Fulfilled
1860,961,22,1894.33,Fulfilled
1861,962,348,1894.33,Not Fulfilled
1862,963,513,1894.33,Fulfilled
1863,964,441,1894.33,Not Fulfilled
1864,965,16,1894.33,Not Fulfilled
1865,966,27,1894.33,Not Fulfilled
1866,967,5,1894.33,Fulfilled
1867,968,471,1894.33,Fulfilled
1868,969,85,1894.33,Not Fulfilled
1869,970,408,1894.33,Not Fulfilled
1870,971,228,1894.33,Fulfilled
1871,972,114,1894.33,Not Fulfilled
1872,973,99,1894.33,Not Fulfilled
1873,974,581,1894.33,Fulfilled
1874,975,188,1894.33,Fulfilled
1875,976,337,1894.33,Not Fulfilled
1876,977,266,1894.33,Fulfilled
1877,978,444,1894.33,Fulfilled
1878,979,350,1894.33,Not Fulfilled
1879,980,552,1894.33,Fulfilled
1880,981,94,1894.33,Fulfilled
1881,982,115,1894.33,Not Fulfilled
1882,983,657,1894.33,Fulfilled
1883,984,85,1894.33,Fulfilled
1884,985,758,1894.33,Fulfilled
1885,986,417,1894.33,Not Fulfilled
1886,987,436,1894.33,Fulfilled
1887,988,250,1894.33,Not Fulfilled
1888,989,299,1894.33,Fulfilled
1889,990,89,1894.33,Fulfilled
1890,991,317,1894.33,Fulfilled
1891,992,271,1894.33,Not Fulfilled
1892,993,314,1894.33,Fulfilled
1893,994,170,1894.33,Not Fulfilled
1894,995,146,1894.33,Not Fulfilled
1895,996,119,1894.33,Fulfilled
1896,997,119,1894.33,Fulfilled
1897,998,62,1894.33,Fulfilled
1898,999,21,1894.33,Not Fulfilled
1899,1000,73,1894.33,Fulfilled
1900,1001,49,1894.33,Fulfilled
1901,1002,302,1894.33,Not Fulfilled
1902,1003,650,1894.33,Not Fulfilled
1903,1004,669,1894.33,Fulfilled
1904,1005,407,1894.33,Not Fulfilled
1905,1006,276,1894.33,Not Fulfilled
1906,1007,188,1894.33,Fulfilled
1907,1008,10,1894.33,Not Fulfilled
1908,1009,403,1894.33,Fulfilled
1909,1010,407,1894.33,Fulfilled
1910,1011,656,1894.33,Not Fulfilled
1911,1012,367,1894.33,Not Fulfilled
1912,1013,144,1894.33,Not Fulfilled
1913,1014,16,1894.33,Fulfilled
1914,1015,40,1894.33,Fulfilled
1915,1016,163,1894.33,Fulfilled
1916,1017,540,1894.33,Fulfilled
1917,1018,6,1894.33,Fulfilled
1918,1019,89,1894.33,Not Fulfilled
1919,1020,128,1894.33,Not Fulfilled
1920,1021,333,1894.33,Not Fulfilled
1921,1022,208,1894.33,Not Fulfilled
1922,1023,503,1894.33,Fulfilled
1923,1024,154,1894.33,Not Fulfilled
1924,1025,35,1894.33,Not Fulfilled
1925,1026,18,1894.33,Fulfilled
1926,1027,133,1894.33,Not Fulfilled
1927,1028,14,1894.33,Fulfilled
1928,1029,276,1894.33,Not Fulfilled
1929,1030,69,1894.33,Fulfilled
1930,1031,142,1894.33,Fulfilled
1931,1032,351,1894.33,Not Fulfilled
1932,1033,692,1894.33,Fulfilled
1933,1034,515,1894.33,Fulfilled
1934,1035,2,1894.33,Not Fulfilled
1935,1036,27,1894.33,Not Fulfilled
1936,1037,93,1894.33,Fulfilled
1937,1038,83,1894.33,Fulfilled
1938,1039,380,1894.33,Not Fulfilled
1939,1040,57,1894.33,Fulfilled
1940,1041,2,1894.33,Not Fulfilled
1941,1042,407,1894.33,Not Fulfilled
1942,1043,221,1894.33,Not Fulfilled
1943,1044,136,1894.33,Fulfilled
1944,1045,261,1894.33,Fulfilled
1945,1046,335,1894.33,Not Fulfilled
1946,1047,664,1894.33,Fulfilled
1947,1048,284,1894.33,Fulfilled
1948,1049,32,1894.33,Not Fulfilled
1949,1050,376,1894.33,Not Fulfilled
1950,1051,178,1894.33,Fulfilled
1951,1052,132,1894.33,Fulfilled
1952,1053,51,1894.33,Fulfilled
1953,1054,99,1894.33,Fulfilled
1954,1055,55,1894.33,Fulfilled
1955,1056,137,1894.33,Not Fulfilled
1956,1057,109,1894.33,Not Fulfilled
1957,1058,52,1894.33,Not Fulfilled
1958,1059,912,1894.33,Not Fulfilled
1959,1060,29,1894.33,Not Fulfilled
1960,1061,178,1894.33,Not Fulfilled
1961,1062,54,1894.33,Fulfilled
1962,1063,449,1894.33,Not Fulfilled
1963,1064,41,1894.33,Not Fulfilled
1964,1065,557,1894.33,Not Fulfilled
1965,1066,166,1894.33,Fulfilled
1966,1067,338,1894.33,Fulfilled
1967,1068,205,1894.33,Fulfilled
1968,1069,295,1894.33,Fulfilled
1969,1070,676,1894.33,Not Fulfilled
1970,1071,114,1894.33,Not Fulfilled
1971,1072,234,1894.33,Not Fulfilled
1972,1073,417,1894.33,Fulfilled
1973,1074,51,1894.33,Fulfilled
1974,1075,10,1894.33,Not Fulfilled
1975,1076,714,1894.33,Not Fulfilled
1976,1077,701,1894.33,Not Fulfilled
1977,1078,549,1894.33,Fulfilled
1978,1079,96,1894.33,Fulfilled
1979,1080,56,1894.33,Not Fulfilled
1980,1081,90,1894.33,Not Fulfilled
1981,1082,9,1894.33,Fulfilled
1982,1083,380,1894.33,Fulfilled
1983,1084,566,1894.33,Not Fulfilled
1984,1085,71,1894.33,Fulfilled
1985,1086,94,1894.33,Not Fulfilled
1986,1087,86,1894.33,Fulfilled
1987,1088,2,1894.33,Fulfilled
1988,1089,110,1894.33,Not Fulfilled
1989,1090,144,1894.33,Fulfilled
1990,1091,272,1894.33,Fulfilled
1991,1092,336,1894.33,Fulfilled
1992,1093,7,1894.33,Fulfilled
1993,1094,85,1894.33,Fulfilled
1994,1095,567,1894.33,Fulfilled
1995,1096,295,1894.33,Fulfilled
1996,1097,117,1894.33,Not Fulfilled
1997,1098,154,1894.33,Not Fulfilled
1998,1099,488,1894.33,Fulfilled
1999,1100,894,1894.33,Fulfilled
2000,1101,102,1894.33,Not Fulfilled
2001,1102,779,1894.33,Fulfilled
2002,1103,227,1894.33,Not Fulfilled
2003,1104,369,1894.33,Not Fulfilled
2004,1105,93,1894.33,Not Fulfilled
2005,1106,409,1894.33,Not Fulfilled
2006,1107,15,1894.33,Not Fulfilled
2007,1108,609,1894.33,Fulfilled
2008,1109,42,1894.33,Not Fulfilled
2009,1110,8,1894.33,Fulfilled
2010,1111,86,1894.33,Fulfilled
2011,1112,16,1894.33,Not Fulfilled
2012,1113,38,1894.33,Not Fulfilled
2013,1114,262,1894.33,Not Fulfilled
2014,1115,66,1894.33,Fulfilled
2015,1116,309,1894.33,Fulfilled
2016,1117,400,1894.33,Not Fulfilled
2017,1118,651,1894.33,Not Fulfilled
2018,1119,405,1894.33,Not Fulfilled
2019,1120,110,1894.33,Fulfilled
2020,1121,15,1894.33,Fulfilled
2021,1122,252,1894.33,Fulfilled
2022,1123,306,1894.33,Fulfilled
2023,1124,490,1894.33,Not Fulfilled
2024,1125,871,1894.33,Fulfilled
2025,1126,6,1894.33,Fulfilled
2026,1127,273,1894.33,Fulfilled
2027,1128,233,1894.33,Fulfilled
2028,1129,645,1894.33,Not Fulfilled
2029,1130,274,1894.33,Not Fulfilled
2030,1131,788,1894.33,Fulfilled
2031,1132,41,1894.33,Fulfilled
2032,1133,801,1894.33,Not Fulfilled
2033,1134,469,1894.33,Fulfilled
2034,1135,22,1894.33,Fulfilled
2035,1136,135,1894.33,Not Fulfilled
2036,1137,17,1894.33,Not Fulfilled
2037,1138,689,1894.33,Fulfilled
2038,1139,66,1894.33,Fulfilled
2039,1140,352,1894.33,Fulfilled
2040,1141,290,1894.33,Not Fulfilled
2041,1142,233,1894.33,Not Fulfilled
2042,1143,182,1894.33,Fulfilled
2043,1144,484,1894.33,Not Fulfilled
2044,1145,460,1894.33,Fulfilled
2045,1146,467,1894.33,Fulfilled
2046,1147,91,1894.33,Not Fulfilled
2047,1148,385,1894.33,Fulfilled
2048,1149,164,1894.33,Not Fulfilled
2049,1150,61,1894.33,Not Fulfilled
2050,1151,460,1894.33,Not Fulfilled
2051,1152,69,1894.33,Fulfilled
2052,1153,81,1894.33,Fulfilled
2053,1154,686,1894.33,Not Fulfilled
2054,1155,4,1894.33,Fulfilled
2055,1156,90,1894.33,Fulfilled
2056,1157,190,1894.33,Fulfilled
2057,1158,367,1894.33,Fulfilled
2058,1159,104,1894.33,Not Fulfilled
2059,1160,154,1894.33,Fulfilled
2060,1161,9,1894.33,Fulfilled
2061,1162,133,1894.33,Not Fulfilled
2062,1163,181,1894.33,Fulfilled
2063,1164,278,1894.33,Fulfilled
2064,1165,47,1894.33,Fulfilled
2065,1166,203,1894.33,Fulfilled
2066,1167,582,1894.33,Not Fulfilled
2067,1168,398,1894.33,Fulfilled
2068,1169,212,1894.33,Not Fulfilled
2069,1170,304,1894.33,Not Fulfilled
2070,1171,123,1894.33,Not Fulfilled
2071,1172,825,1894.33,Fulfilled
2072,1173,23,1894.33,Not Fulfilled
2073,1174,6,1894.33,Not Fulfilled
2074,1175,190,1894.33,Not Fulfilled
2075,1176,28,1894.33,Not Fulfilled
2076,1177,17,1894.33,Not Fulfilled
2077,1178,175,1894.33,Fulfilled
2078,1179,228,1894.33,Fulfilled
2079,1180,89,1894.33,Not Fulfilled
2080,1181,71,1894.33,Not Fulfilled
2081,1182,514,1894.33,Not Fulfilled
2082,1183,92,1894.33,Fulfilled
2083,1184,490,1894.33,Fulfilled
2084,1185,437,1894.33,Fulfilled
2085,1186,26,1894.33,Not Fulfilled
2086,1187,498,1894.33,Not Fulfilled
2087,1188,20,1894.33,Fulfilled
2088,1189,427,1894.33,Not Fulfilled
2089,1190,531,1894.33,Not Fulfilled
2090,1191,201,1894.33,Not Fulfilled
2091,1192,35,1894.33,Not Fulfilled
2092,1193,230,1894.33,Not Fulfilled
2093,1194,732,1894.33,Not Fulfilled
2094,1195,62,1894.33,Not Fulfilled
2095,1196,63,1894.33,Fulfilled
2096,1197,107,1894.33,Not Fulfilled
2097,1198,28,1894.33,Fulfilled
2098,1199,311,1894.33,Fulfilled
2099,1200,127,1894.33,Not Fulfilled
2100,1201,416,1894.33,Fulfilled
2101,1202,372,1894.33,Not Fulfilled
2102,1203,266,1894.33,Not Fulfilled
2103,1204,703,1894.33,Not Fulfilled
2104,1205,338,1894.33,Not Fulfilled
2105,1206,71,1894.33,Fulfilled
2106,1207,341,1894.33,Not Fulfilled
2107,1208,324,1894.33,Fulfilled
2108,1209,466,1894.33,Fulfilled
2109,1210,124,1894.33,Not Fulfilled
2110,1211,322,1894.33,Not Fulfilled
2111,1212,177,1894.33,Fulfilled
2112,1213,66,1894.33,Not Fulfilled
2113,1214,27,1894.33,Fulfilled
2114,1215,873,1894.33,Not Fulfilled
2115,1216,33,1894.33,Not Fulfilled
2116,1217,537,1894.33,Not Fulfilled
2117,1218,124,1894.33,Not Fulfilled
2118,1219,24,1894.33,Fulfilled
2119,1220,19,1894.33,Fulfilled
2120,1221,29,1894.33,Fulfilled
2121,1222,36,1894.33,Fulfilled
2122,1223,34,1894.33,Not Fulfilled
2123,1224,573,1894.33,Not Fulfilled
2124,1225,541,1894.33,Fulfilled
2125,1226,483,1894.33,Fulfilled
2126,1227,62,1894.33,Not Fulfilled
2127,1228,131,1894.33,Not Fulfilled
2128,1229,263,1894.33,Fulfilled
2129,1230,198,1894.33,Not Fulfilled
2130,1231,307,1894.33,Not Fulfilled
2131,1232,65,1894.33,Fulfilled
2132,1233,86,1894.33,Fulfilled
2133,1234,277,1894.33,Not Fulfilled
2134,1235,429,1894.33,Fulfilled
2135,1236,98,1894.33,Not Fulfilled
2136,1237,37,1894.33,Fulfilled
2137,1238,129,1894.33,Not Fulfilled
2138,1239,619,1894.33,Not Fulfilled
2139,1240,153,1894.33,Fulfilled
2140,1241,270,1894.33,Not Fulfilled
2141,1242,60,1894.33,Not Fulfilled
2142,1243,159,1894.33,Fulfilled
2143,1244,385,1894.33,Fulfilled
2144,1245,889,1894.33,Not Fulfilled
2145,1246,606,1894.33,Fulfilled
2146,1247,737,1894.33,Not Fulfilled
2147,1248,853,1894.33,Fulfilled
2148,1249,707,1894.33,Not Fulfilled
2149,1250,349,1894.33,Fulfilled
2150,1251,548,1894.33,Fulfilled
2151,1252,137,1894.33,Fulfilled
2152,1253,510,1894.33,Fulfilled
2153,1254,712,1894.33,Fulfilled
2154,1255,215,1894.33,Fulfilled
2155,1256,588,1894.33,Fulfilled
2156,1257,379,1894.33,Fulfilled
2157,1258,48,1894.33,Not Fulfilled
2158,1259,20,1894.33,Not Fulfilled
2159,1260,664,1894.33,Fulfilled
2160,1261,235,1894.33,Not Fulfilled
2161,1262,20,1894.33,Not Fulfilled
2162,1263,3,1894.33,Not Fulfilled
2163,1264,225,1894.33,Fulfilled
2164,1265,431,1894.33,Fulfilled
2165,1266,519,1894.33,Fulfilled
2166,1267,547,1894.33,Fulfilled
2167,1268,850,1894.33,Fulfilled
2168,1269,494,1894.33,Fulfilled
2169,1270,222,1894.33,Fulfilled
2170,1271,72,1894.33,Fulfilled
2171,1272,132,1894.33,Not Fulfilled
2172,1273,571,1894.33,Not Fulfilled
2173,1274,196,1894.33,Not Fulfilled
2174,1275,315,1894.33,Fulfilled
2175,1276,294,1894.33,Not Fulfilled
2176,1277,48,1894.33,Fulfilled
2177,1278,563,1894.33,Not Fulfilled
2178,1279,283,1894.33,Not Fulfilled
2179,1280,237,1894.33,Fulfilled
2180,1281,416,1894.33,Not Fulfilled
2181,1282,95,1894.33,Not Fulfilled
2182,1283,13,1894.33,Fulfilled
2183,1284,93,1894.33,Not Fulfilled
2184,1285,43,1894.33,Fulfilled
2185,1286,14,1894.33,Not Fulfilled
2186,1287,65,1894.33,Not Fulfilled
2187,1288,399,1894.33,Not Fulfilled
2188,1289,399,1894.33,Fulfilled
2189,1290,690,1894.33,Not Fulfilled
2190,1291,96,1894.33,Not Fulfilled
2191,1292,350,1894.33,Not Fulfilled
2192,1293,338,1894.33,Not Fulfilled
2193,1294,413,1894.33,Not Fulfilled
2194,1295,239,1894.33,Not Fulfilled
2195,1296,316,1894.33,Not Fulfilled
2196,1297,484,1894.33,Fulfilled
2197,1298,891,1894.33,Fulfilled
2198,1299,162,1894.33,Not Fulfilled
2199,1300,449,1894.33,Fulfilled
2200,1301,101,1894.33,Not Fulfilled
2201,1302,189,1894.33,Fulfilled
2202,1303,426,1894.33,Not Fulfilled
2203,1304,192,1894.33,Fulfilled
2204,1305,554,1894.33,Not Fulfilled
2205,1306,743,1894.33,Not Fulfilled
2206,1307,308,1894.33,Not Fulfilled
2207,1308,106,1894.33,Fulfilled
2208,1309,100,1894.33,Fulfilled
2209,1310,337,1894.33,Fulfilled
2210,1311,978,1894.33,Fulfilled
2211,1312,480,1894.33,Not Fulfilled
2212,1313,413,1894.33,Not Fulfilled
2213,1314,319,1894.33,Not Fulfilled
2214,1315,23,1894.33,Not Fulfilled
2215,1316,813,1894.33,Not Fulfilled
2216,1317,25,1894.33,Fulfilled
2217,1318,340,1894.33,Fulfilled
2218,1319,129,1894.33,Fulfilled
2219,1320,416,1894.33,Not Fulfilled
2220,1321,107,1894.33,Not Fulfilled
2221,1322,842,1894.33,Fulfilled
2222,1323,671,1894.33,Not Fulfilled
2223,1324,991,1894.33,Not Fulfilled
2224,1325,196,1894.33,Fulfilled
2225,1326,573,1894.33,Not Fulfilled
2226,1327,149,1894.33,Not Fulfilled
2227,1328,358,1894.33,Fulfilled
2228,1329,177,1894.33,Fulfilled
2229,1330,564,1894.33,Fulfilled
2230,1331,244,1894.33,Not Fulfilled
2231,1332,526,1894.33,Not Fulfilled
2232,1333,409,1894.33,Fulfilled
2233,1334,522,1894.33,Not Fulfilled
2234,1335,2,1894.33,Not Fulfilled
2235,1336,963,1894.33,Not Fulfilled
2236,1337,268,1894.33,Not Fulfilled
2237,1338,317,1894.33,Fulfilled
2238,1339,218,1894.33,Fulfilled
2239,1340,467,1894.33,Fulfilled
2240,1341,598,1894.33,Not Fulfilled
2241,1342,145,1894.33,Not Fulfilled
2242,1343,659,1894.33,Fulfilled
2243,1344,40,1894.33,Not Fulfilled
2244,1345,1125,1894.33,Not Fulfilled
2245,1346,17,1894.33,Fulfilled
2246,1347,68,1894.33,Fulfilled
2247,1348,87,1894.33,Fulfilled
2248,1349,406,1894.33,Fulfilled
2249,1350,90,1894.33,Fulfilled
2250,1351,641,1894.33,Fulfilled
2251,1352,377,1894.33,Fulfilled
2252,1353,962,1894.33,Not Fulfilled
2253,1354,222,1894.33,Fulfilled
2254,1355,139,1894.33,Not Fulfilled
2255,1356,134,1894.33,Not Fulfilled
2256,1357,140,1894.33,Fulfilled
2257,1358,179,1894.33,Not Fulfilled
2258,1359,477,1894.33,Fulfilled
2259,1360,350,1894.33,Not Fulfilled
2260,1361,168,1894.33,Fulfilled
2261,1362,111,1894.33,Fulfilled
2262,1363,222,1894.33,Fulfilled
2263,1364,155,1894.33,Fulfilled
2264,1365,401,1894.33,Fulfilled
2265,1366,151,1894.33,Fulfilled
2266,1367,191,1894.33,Fulfilled
2267,1368,609,1894.33,Fulfilled
2268,1369,48,1894.33,Fulfilled
2269,1370,126,1894.33,Not Fulfilled
2270,1371,31,1894.33,Fulfilled
2271,1372,139,1894.33,Not Fulfilled
2272,1373,28,1894.33,Fulfilled
2273,1374,758,1894.33,Fulfilled
2274,1375,473,1894.33,Fulfilled
2275,1376,679,1894.33,Not Fulfilled
2276,1377,187,1894.33,Fulfilled
2277,1378,687,1894.33,Fulfilled
2278,1379,44,1894.33,Fulfilled
2279,1380,763,1894.33,Not Fulfilled
2280,1381,464,1894.33,Not Fulfilled
2281,1382,256,1894.33,Fulfilled
2282,1383,102,1894.33,Fulfilled
2283,1384,13,1894.33,Not Fulfilled
2284,1385,992,1894.33,Not Fulfilled
2285,1386,250,1894.33,Not Fulfilled
2286,1387,1,1894.33,Not Fulfilled
2287,1388,20,1894.33,Not Fulfilled
2288,1389,961,1894.33,Fulfilled
2289,1390,203,1894.33,Not Fulfilled
2290,1391,256,1894.33,Not Fulfilled
2291,1392,310,1894.33,Not Fulfilled
2292,1393,291,1894.33,Not Fulfilled
2293,1394,69,1894.33,Not Fulfilled
2294,1395,476,1894.33,Not Fulfilled
2295,1396,814,1894.33,Fulfilled
2296,1397,42,1894.33,Not Fulfilled
2297,1398,432,1894.33,Not Fulfilled
2298,1399,385,1894.33,Fulfilled
2299,1400,725,1894.33,Not Fulfilled
2300,1401,402,1894.33,Not Fulfilled
2301,1402,844,1894.33,Not Fulfilled
2302,1403,231,1894.33,Not Fulfilled
2303,1404,260,1894.33,Not Fulfilled
2304,1405,6,1894.33,Not Fulfilled
2305,1406,406,1894.33,Fulfilled
2306,1407,201,1894.33,Not Fulfilled
2307,1408,779,1894.33,Fulfilled
2308,1409,369,1894.33,Not Fulfilled
2309,1410,745,1894.33,Not Fulfilled
2310,1411,1146,1894.33,Fulfilled
2311,1412,332,1894.33,Fulfilled
2312,1413,261,1894.33,Not Fulfilled
2313,1414,342,1894.33,Not Fulfilled
2314,1415,54,1894.33,Not Fulfilled
2315,1416,393,1894.33,Not Fulfilled
2316,1417,378,1894.33,Fulfilled
2317,1418,106,1894.33,Not Fulfilled
2318,1419,556,1894.33,Not Fulfilled
2319,1420,497,1894.33,Not Fulfilled
2320,1421,280,1894.33,Fulfilled
2321,1422,119,1894.33,Not Fulfilled
2322,1423,339,1894.33,Not Fulfilled
2323,1424,365,1894.33,Not Fulfilled
2324,1425,400,1894.33,Not Fulfilled
2325,1426,253,1894.33,Fulfilled
2326,1427,2,1894.33,Not Fulfilled
2327,1428,1076,1894.33,Fulfilled
2328,1429,1056,1894.33,Fulfilled
2329,1430,158,1894.33,Not Fulfilled
2330,1431,84,1894.33,Not Fulfilled
2331,1432,236,1894.33,Not Fulfilled
2332,1433,191,1894.33,Fulfilled
2333,1434,643,1894.33,Not Fulfilled
2334,1435,8,1894.33,Not Fulfilled
2335,1436,146,1894.33,Fulfilled
2336,1437,164,1894.33,Fulfilled
2337,1438,340,1894.33,Not Fulfilled
2338,1439,484,1894.33,Not Fulfilled
2339,1440,47,1894.33,Fulfilled
2340,1441,349,1894.33,Not Fulfilled
2341,1442,585,1894.33,Not Fulfilled
2342,1443,516,1894.33,Fulfilled
2343,1444,216,1894.33,Not Fulfilled
2344,1445,394,1894.33,Not Fulfilled
2345,1446,913,1894.33,Fulfilled
2346,1447,36,1894.33,Not Fulfilled
2347,1448,454,1894.33,Not Fulfilled
2348,1449,110,1894.33,Not Fulfilled
2349,1450,370,1894.33,Fulfilled
2350,1451,15,1894.33,Not Fulfilled
2351,1452,17,1894.33,Fulfilled
2352,1453,40,1894.33,Not Fulfilled
2353,1454,978,1894.33,Fulfilled
2354,1455,110,1894.33,Fulfilled
2355,1456,114,1894.33,Not Fulfilled
2356,1457,2,1894.33,Fulfilled
2357,1458,152,1894.33,Not Fulfilled
2358,1459,117,1894.33,Fulfilled
2359,1460,56,1894.33,Not Fulfilled
2360,1461,689,1894.33,Fulfilled
2361,1462,352,1894.33,Fulfilled
2362,1463,473,1894.33,Fulfilled
2363,1464,97,1894.33,Fulfilled
2364,1465,203,1894.33,Fulfilled
2365,1466,462,1894.33,Not Fulfilled
2366,1467,859,1894.33,Fulfilled
2367,1468,212,1894.33,Not Fulfilled
2368,1469,303,1894.33,Fulfilled
2369,1470,103,1894.33,Not Fulfilled
2370,1471,100,1894.33,Not Fulfilled
2371,1472,559,1894.33,Not Fulfilled
2372,1473,375,1894.33,Fulfilled
2373,1474,120,1894.33,Fulfilled
2374,1475,888,1894.33,Fulfilled
2375,1476,52,1894.33,Fulfilled
2376,1477,278,1894.33,Not Fulfilled
2377,1478,4,1894.33,Fulfilled
2378,1479,226,1894.33,Fulfilled
2379,1480,364,1894.33,Not Fulfilled
2380,1481,45,1894.33,Not Fulfilled
2381,1482,877,1894.33,Fulfilled
2382,1483,358,1894.33,Not Fulfilled
2383,1484,319,1894.33,Fulfilled
2384,1485,95,1894.33,Not Fulfilled
2385,1486,7,1894.33,Fulfilled
2386,1487,622,1894.33,Fulfilled
2387,1488,1056,1894.33,Fulfilled
2388,1489,169,1894.33,Fulfilled
2389,1490,348,1894.33,Fulfilled
2390,1491,26,1894.33,Fulfilled
2391,1492,713,1894.33,Fulfilled
2392,1493,124,1894.33,Not Fulfilled
2393,1494,319,1894.33,Not Fulfilled
2394,1495,230,1894.33,Not Fulfilled
2395,1496,217,1894.33,Fulfilled
2396,1497,761,1894.33,Fulfilled
2397,1498,210,1894.33,Fulfilled
2398,1499,377,1894.33,Not Fulfilled
2399,1500,638,1894.33,Fulfilled
2400,1501,1135,1894.33,Fulfilled
2401,1502,21,1894.33,Not Fulfilled
2402,1503,86,1894.33,Fulfilled
2403,1504,142,1894.33,Not Fulfilled
2404,1505,49,1894.33,Fulfilled
2405,1506,271,1894.33,Not Fulfilled
2406,1507,975,1894.33,Fulfilled
2407,1508,101,1894.33,Fulfilled
2408,1509,116,1894.33,Not Fulfilled
2409,1510,105,1894.33,Fulfilled
2410,1511,395,1894.33,Not Fulfilled
2411,1512,64,1894.33,Fulfilled
2412,1513,41,1894.33,Not Fulfilled
2413,1514,105,1894.33,Not Fulfilled
2414,1515,422,1894.33,Fulfilled
2415,1516,1089,1894.33,Not Fulfilled
2416,1517,912,1894.33,Fulfilled
2417,1518,112,1894.33,Not Fulfilled
2418,1519,482,1894.33,Fulfilled
2419,1520,86,1894.33,Fulfilled
2420,1521,19,1894.33,Not Fulfilled
2421,1522,368,1894.33,Fulfilled
2422,1523,452,1894.33,Fulfilled
2423,1524,47,1894.33,Not Fulfilled
2424,1525,513,1894.33,Fulfilled
2425,1526,7,1894.33,Not Fulfilled
2426,1527,1027,1894.33,Fulfilled
2427,1528,195,1894.33,Fulfilled
2428,1529,133,1894.33,Fulfilled
2429,1530,503,1894.33,Fulfilled
2430,1531,1049,1894.33,Not Fulfilled
2431,1532,500,1894.33,Fulfilled
2432,1533,79,1894.33,Not Fulfilled
2433,1534,14,1894.33,Fulfilled
2434,1535,129,1894.33,Fulfilled
2435,1536,677,1894.33,Not Fulfilled
2436,1537,167,1894.33,Not Fulfilled
2437,1538,1216,1894.33,Fulfilled
2438,1539,900,1894.33,Not Fulfilled
2439,1540,481,1894.33,Fulfilled
2440,1541,320,1894.33,Fulfilled
2441,1542,656,1894.33,Not Fulfilled
2442,1543,610,1894.33,Fulfilled
2443,1544,23,1894.33,Fulfilled
2444,1545,697,1894.33,Fulfilled
2445,1546,365,1894.33,Fulfilled
2446,1547,140,1894.33,Not Fulfilled
2447,1548,655,1894.33,Fulfilled
2448,1549,391,1894.33,Not Fulfilled
2449,1550,199,1894.33,Fulfilled
2450,1551,120,1894.33,Not Fulfilled
2451,1552,255,1894.33,Not Fulfilled
2452,1553,190,1894.33,Not Fulfilled
2453,1554,776,1894.33,Not Fulfilled
2454,1555,1170,1894.33,Not Fulfilled
2455,1556,44,1894.33,Fulfilled
2456,1557,6,1894.33,Not Fulfilled
2457,1558,65,1894.33,Not Fulfilled
2458,1559,248,1894.33,Fulfilled
2459,1560,124,1894.33,Not Fulfilled
2460,1561,325,1894.33,Not Fulfilled
2461,1562,94,1894.33,Fulfilled
2462,1563,1388,1894.33,Not Fulfilled
2463,1564,81,1894.33,Not Fulfilled
2464,1565,918,1894.33,Not Fulfilled
2465,1566,268,1894.33,Fulfilled
2466,1567,72,1894.33,Not Fulfilled
2467,1568,1,1894.33,Not Fulfilled
2468,1569,199,1894.33,Fulfilled
2469,1570,254,1894.33,Fulfilled
2470,1571,119,1894.33,Not Fulfilled
2471,1572,77,1894.33,Fulfilled
2472,1573,152,1894.33,Fulfilled
2473,1574,1123,1894.33,Fulfilled
2474,1575,769,1894.33,Fulfilled
2475,1576,342,1894.33,Fulfilled
2476,1577,179,1894.33,Fulfilled
2477,1578,853,1894.33,Not Fulfilled
2478,1579,17,1894.33,Fulfilled
2479,1580,266,1894.33,Fulfilled
2480,1581,423,1894.33,Fulfilled
2481,1582,140,1894.33,Fulfilled
2482,1583,783,1894.33,Fulfilled
2483,1584,685,1894.33,Fulfilled
2484,1585,762,1894.33,Fulfilled
2485,1586,1152,1894.33,Not Fulfilled
2486,1587,948,1894.33,Not Fulfilled
2487,1588,1060,1894.33,Fulfilled
2488,1589,295,1894.33,Not Fulfilled
2489,1590,16,1894.33,Not Fulfilled
2490,1591,213,1894.33,Not Fulfilled
2491,1592,17,1894.33,Fulfilled
2492,1593,568,1894.33,Fulfilled
2493,1594,205,1894.33,Fulfilled
2494,1595,39,1894.33,Fulfilled
2495,1596,1060,1894.33,Not Fulfilled
2496,1597,2,1894.33,Fulfilled
2497,1598,248,1894.33,Fulfilled
2498,1599,116,1894.33,Fulfilled
2499,1600,181,1894.33,Not Fulfilled
2500,1601,104,1894.33,Not Fulfilled
2501,1602,169,1894.33,Fulfilled
2502,1603,982,1894.33,Fulfilled
2503,1604,88,1894.33,Not Fulfilled
2504,1605,290,1894.33,Not Fulfilled
2505,1606,161,1894.33,Fulfilled
2506,1607,592,1894.33,Fulfilled
2507,1608,774,1894.33,Fulfilled
2508,1609,1088,1894.33,Not Fulfilled
2509,1610,134,1894.33,Not Fulfilled
2510,1611,397,1894.33,Not Fulfilled
2511,1612,805,1894.33,Fulfilled
2512,1613,314,1894.33,Not Fulfilled
2513,1614,52,1894.33,Not Fulfilled
2514,1615,279,1894.33,Fulfilled
2515,1616,136,1894.33,Not Fulfilled
2516,1617,24,1894.33,Fulfilled
2517,1618,24,1894.33,Not Fulfilled
2518,1619,755,1894.33,Fulfilled
2519,1620,572,1894.33,Fulfilled
2520,1621,106,1894.33,Not Fulfilled
2521,1622,299,1894.33,Fulfilled
2522,1623,384,1894.33,Fulfilled
2523,1624,746,1894.33,Fulfilled
2524,1625,212,1894.33,Fulfilled
2525,1626,540,1894.33,Not Fulfilled
2526,1627,67,1894.33,Fulfilled
2527,1628,263,1894.33,Not Fulfilled
2528,1629,243,1894.33,Not Fulfilled
2529,1630,141,1894.33,Not Fulfilled
2530,1631,277,1894.33,Fulfilled
2531,1632,229,1894.33,Fulfilled
2532,1633,300,1894.33,Fulfilled
2533,1634,58,1894.33,Fulfilled
2534,1635,316,1894.33,Not Fulfilled
2535,1636,98,1894.33,Not Fulfilled
2536,1637,369,1894.33,Fulfilled
2537,1638,954,1894.33,Not Fulfilled
2538,1639,228,1894.33,Not Fulfilled
2539,1640,687,1894.33,Fulfilled
2540,1641,516,1894.33,Fulfilled
2541,1642,743,1894.33,Not Fulfilled
2542,1643,1333,1894.33,Not Fulfilled
2543,1644,620,1894.33,Fulfilled
2544,1645,1169,1894.33,Fulfilled
2545,1646,248,1894.33,Fulfilled
2546,1647,378,1894.33,Fulfilled
2547,1648,464,1894.33,Fulfilled
2548,1649,326,1894.33,Fulfilled
2549,1650,200,1894.33,Fulfilled
2550,1651,122,1894.33,Fulfilled
2551,1652,826,1894.33,Fulfilled
2552,1653,2,1894.33,Fulfilled
2553,1654,168,1894.33,Not Fulfilled
2554,1655,22,1894.33,Not Fulfilled
2555,1656,86,1894.33,Not Fulfilled
2556,1657,1145,1894.33,Not Fulfilled
2557,1658,741,1894.33,Fulfilled
2558,1659,6,1894.33,Fulfilled
2559,1660,353,1894.33,Not Fulfilled
2560,1661,314,1894.33,Not Fulfilled
2561,1662,805,1894.33,Fulfilled
2562,1663,403,1894.33,Not Fulfilled
2563,1664,738,1894.33,Not Fulfilled
2564,1665,154,1894.33,Fulfilled
2565,1666,1141,1894.33,Not Fulfilled
2566,1667,29,1894.33,Fulfilled
2567,1668,87,1894.33,Fulfilled
2568,1669,767,1894.33,Not Fulfilled
2569,1670,194,1894.33,Not Fulfilled
2570,1671,72,1894.33,Fulfilled
2571,1672,158,1894.33,Fulfilled
2572,1673,346,1894.33,Not Fulfilled
2573,1674,181,1894.33,Not Fulfilled
2574,1675,116,1894.33,Not Fulfilled
2575,1676,48,1894.33,Fulfilled
2576,1677,579,1894.33,Not Fulfilled
2577,1678,757,1894.33,Not Fulfilled
2578,1679,647,1894.33,Not Fulfilled
2579,1680,719,1894.33,Fulfilled
2580,1681,7,1894.33,Fulfilled
2581,1682,1003,1894.33,Not Fulfilled
2582,1683,214,1894.33,Fulfilled
2583,1684,61,1894.33,Not Fulfilled
2584,1685,111,1894.33,Not Fulfilled
2585,1686,42,1894.33,Not Fulfilled
2586,1687,36,1894.33,Not Fulfilled
2587,1688,297,1894.33,Fulfilled
2588,1689,64,1894.33,Fulfilled
2589,1690,370,1894.33,Fulfilled
2590,1691,749,1894.33,Fulfilled
2591,1692,235,1894.33,Fulfilled
2592,1693,380,1894.33,Not Fulfilled
2593,1694,169,1894.33,Not Fulfilled
2594,1695,10,1894.33,Fulfilled
2595,1696,42,1894.33,Fulfilled
2596,1697,402,1894.33,Fulfilled
2597,1698,870,1894.33,Not Fulfilled
2598,1699,773,1894.33,Not Fulfilled
2599,1700,14,1894.33,Not Fulfilled
2600,1701,551,1894.33,Fulfilled
2601,1702,788,1894.33,Not Fulfilled
2602,1703,489,1894.33,Not Fulfilled
2603,1704,833,1894.33,Fulfilled
2604,1705,473,1894.33,Fulfilled
2605,1706,105,1894.33,Fulfilled
2606,1707,192,1894.33,Not Fulfilled
2607,1708,542,1894.33,Fulfilled
2608,1709,752,1894.33,Fulfilled
2609,1710,512,1894.33,Not Fulfilled
2610,1711,827,1894.33,Not Fulfilled
2611,1712,567,1894.33,Not Fulfilled
2612,1713,827,1894.33,Fulfilled
2613,1714,133,1894.33,Not Fulfilled
2614,1715,127,1894.33,Fulfilled
2615,1716,580,1894.33,Not Fulfilled
2616,1717,145,1894.33,Not Fulfilled
2617,1718,1347,1894.33,Not Fulfilled
2618,1719,578,1894.33,Fulfilled
2619,1720,153,1894.33,Fulfilled
2620,1721,52,1894.33,Fulfilled
2621,1722,1303,1894.33,Fulfilled
2622,1723,354,1894.33,Not Fulfilled
2623,1724,795,1894.33,Fulfilled
2624,1725,16,1894.33,Fulfilled
2625,1726,330,1894.33,Not Fulfilled
2626,1727,68,1894.33,Not Fulfilled
2627,1728,613,1894.33,Not Fulfilled
2628,1729,530,1894.33,Fulfilled
2629,1730,101,1894.33,Not Fulfilled
2630,1731,530,1894.33,Fulfilled
2631,1732,168,1894.33,Fulfilled
2632,1733,268,1894.33,Fulfilled
2633,1734,988,1894.33,Not Fulfilled
2634,1735,5,1894.33,Fulfilled
2635,1736,246,1894.33,Fulfilled
2636,1737,98,1894.33,Fulfilled
2637,1738,51,1894.33,Not Fulfilled
2638,1739,1331,1894.33,Not Fulfilled
2639,1740,1342,1894.33,Fulfilled
2640,1741,1004,1894.33,Not Fulfilled
2641,1742,742,1894.33,Not Fulfilled
2642,1743,75,1894.33,Not Fulfilled
2643,1744,929,1894.33,Not Fulfilled
2644,1745,59,1894.33,Not Fulfilled
2645,1746,702,1894.33,Not Fulfilled
2646,1747,465,1894.33,Not Fulfilled
2647,1748,279,1894.33,Not Fulfilled
2648,1749,963,1894.33,Fulfilled
2649,1750,204,1894.33,Not Fulfilled
2650,1751,90,1894.33,Not Fulfilled
2651,1752,598,1894.33,Fulfilled
2652,1753,796,1894.33,Not Fulfilled
2653,1754,17,1894.33,Fulfilled
2654,1755,6,1894.33,Fulfilled
2655,1756,393,1894.33,Fulfilled
2656,1757,488,1894.33,Not Fulfilled
2657,1758,685,1894.33,Not Fulfilled
2658,1759,346,1894.33,Not Fulfilled
2659,1760,368,1894.33,Not Fulfilled
2660,1761,60,1894.33,Fulfilled
2661,1762,1491,1894.33,Not Fulfilled
2662,1763,544,1894.33,Not Fulfilled
2663,1764,81,1894.33,Fulfilled
2664,1765,596,1894.33,Not Fulfilled
2665,1766,90,1894.33,Not Fulfilled
2666,1767,35,1894.33,Fulfilled
2667,1768,400,1894.33,Not Fulfilled
2668,1769,409,1894.33,Fulfilled
2669,1770,258,1894.33,Fulfilled
2670,1771,846,1894.33,Not Fulfilled
2671,1772,535,1894.33,Not Fulfilled
2672,1773,260,1894.33,Not Fulfilled
2673,1774,94,1894.33,Not Fulfilled
2674,1775,165,1894.33,Not Fulfilled
2675,1776,114,1894.33,Not Fulfilled
2676,1777,31,1894.33,Fulfilled
2677,1778,1141,1894.33,Not Fulfilled
2678,1779,732,1894.33,Not Fulfilled
2679,1780,1420,1894.33,Fulfilled
2680,1781,159,1894.33,Not Fulfilled
2681,1782,98,1894.33,Not Fulfilled
2682,1783,576,1894.33,Not Fulfilled
2683,1784,11,1894.33,Fulfilled
2684,1785,17,1894.33,Not Fulfilled
2685,1786,1336,1894.33,Fulfilled
2686,1787,8,1894.33,Fulfilled
2687,1788,61,1894.33,Not Fulfilled
2688,1789,269,1894.33,Not Fulfilled
2689,1790,735,1894.33,Not Fulfilled
2690,1791,919,1894.33,Fulfilled
2691,1792,541,1894.33,Not Fulfilled
2692,1793,420,1894.33,Fulfilled
2693,1794,262,1894.33,Fulfilled
2694,1795,110,1894.33,Fulfilled
2695,1796,996,1894.33,Fulfilled
2696,1797,385,1894.33,Fulfilled
2697,1798,49,1894.33,Not Fulfilled
2698,1799,105,1894.33,Not Fulfilled
2699,1800,236,1894.33,Not Fulfilled
2700,1801,241,1894.33,Not Fulfilled
2701,1802,477,1894.33,Not Fulfilled
2702,1803,146,1894.33,Not Fulfilled
2703,1804,762,1894.33,Not Fulfilled
2704,1805,216,1894.33,Fulfilled
2705,1806,64,1894.33,Fulfilled
2706,1807,968,1894.33,Not Fulfilled
2707,1808,245,1894.33,Fulfilled
2708,1809,113,1894.33,Not Fulfilled
2709,1810,932,1894.33,Fulfilled
2710,1811,121,1894.33,Not Fulfilled
2711,1812,549,1894.33,Not Fulfilled
2712,1813,70,1894.33,Not Fulfilled
2713,1814,111,1894.33,Not Fulfilled
2714,1815,35,1894.33,Not Fulfilled
2715,1816,105,1894.33,Fulfilled
2716,1817,199,1894.33,Fulfilled
2717,1818,112,1894.33,Fulfilled
2718,1819,1115,1894.33,Not Fulfilled
2719,1820,60,1894.33,Not Fulfilled
2720,1821,604,1894.33,Not Fulfilled
2721,1822,662,1894.33,Fulfilled
2722,1823,566,1894.33,Not Fulfilled
2723,1824,432,1894.33,Not Fulfilled
2724,1825,504,1894.33,Fulfilled
2725,1826,194,1894.33,Not Fulfilled
2726,1827,426,1894.33,Fulfilled
2727,1828,1140,1894.33,Fulfilled
2728,1829,58,1894.33,Not Fulfilled
2729,1830,514,1894.33,Fulfilled
2730,1831,188,1894.33,Fulfilled
2731,1832,233,1894.33,Not Fulfilled
2732,1833,137,1894.33,Fulfilled
2733,1834,39,1894.33,Fulfilled
2734,1835,336,1894.33,Fulfilled
2735,1836,815,1894.33,Not Fulfilled
2736,1837,545,1894.33,Fulfilled
2737,1838,987,1894.33,Fulfilled
2738,1839,754,1894.33,Fulfilled
2739,1840,470,1894.33,Fulfilled
2740,1841,371,1894.33,Fulfilled
2741,1842,1160,1894.33,Fulfilled
2742,1843,862,1894.33,Fulfilled
2743,1844,20,1894.33,Fulfilled
2744,1845,630,1894.33,Not Fulfilled
2745,1846,704,1894.33,Not Fulfilled
2746,1847,197,1894.33,Fulfilled
2747,1848,498,1894.33,Not Fulfilled
2748,1849,786,1894.33,Not Fulfilled
2749,1850,833,1894.33,Fulfilled
2750,1851,35,1894.33,Not Fulfilled
2751,1852,223,1894.33,Fulfilled
2752,1853,13,1894.33,Fulfilled
2753,1854,472,1894.33,Fulfilled
2754,1855,313,1894.33,Fulfilled
2755,1856,476,1894.33,Not Fulfilled
2756,1857,1000,1894.33,Not Fulfilled
2757,1858,819,1894.33,Not Fulfilled
2758,1859,448,1894.33,Fulfilled
2759,1860,292,1894.33,Not Fulfilled
2760,1861,31,1894.33,Fulfilled
2761,1862,866,1894.33,Fulfilled
2762,1863,284,1894.33,Not Fulfilled
2763,1864,245,1894.33,Not Fulfilled
2764,1865,90,1894.33,Fulfilled
2765,1866,488,1894.33,Fulfilled
2766,1867,510,1894.33,Fulfilled
2767,1868,604,1894.33,Not Fulfilled
2768,1869,306,1894.33,Fulfilled
2769,1870,529,1894.33,Fulfilled
2770,1871,605,1894.33,Not Fulfilled
2771,1872,187,1894.33,Fulfilled
2772,1873,539,1894.33,Fulfilled
2773,1874,390,1894.33,Not Fulfilled
2774,1875,839,1894.33,Not Fulfilled
2775,1876,209,1894.33,Not Fulfilled
2776,1877,1638,1894.33,Fulfilled
2777,1878,504,1894.33,Not Fulfilled
2778,1879,73,1894.33,Fulfilled
2779,1880,105,1894.33,Not Fulfilled
2780,1881,476,1894.33,Fulfilled
2781,1882,898,1894.33,Fulfilled
2782,1883,27,1894.33,Not Fulfilled
2783,1884,632,1894.33,Not Fulfilled
2784,1885,49,1894.33,Fulfilled
2785,1886,58,1894.33,Fulfilled
2786,1887,71,1894.33,Fulfilled
2787,1888,125,1894.33,Fulfilled
2788,1889,791,1894.33,Fulfilled
2789,1890,997,1894.33,Fulfilled
2790,1891,1168,1894.33,Fulfilled
2791,1892,1063,1894.33,Not Fulfilled
2792,1893,375,1894.33,Not Fulfilled
2793,1894,344,1894.33,Fulfilled
2794,1895,229,1894.33,Not Fulfilled
2795,1896,24,1894.33,Fulfilled
2796,1897,29,1894.33,Not Fulfilled
2797,1898,91,1894.33,Not Fulfilled
2798,1899,1240,1894.33,Not Fulfilled
2799,1900,292,1894.33,Fulfilled
2800,1901,103,1894.33,Not Fulfilled
2801,1902,576,1894.33,Fulfilled
2802,1903,517,1894.33,Not Fulfilled
2803,1904,1093,1894.33,Not Fulfilled
2804,1905,685,1894.33,Not Fulfilled
2805,1906,472,1894.33,Not Fulfilled
2806,1907,538,1894.33,Fulfilled
2807,1908,363,1894.33,Fulfilled
2808,1909,96,1894.33,Fulfilled
2809,1910,230,1894.33,Not Fulfilled
2810,1911,1327,1894.33,Fulfilled
2811,1912,1457,1894.33,Not Fulfilled
2812,1913,831,1894.33,Not Fulfilled
2813,1914,816,1894.33,Not Fulfilled
2814,1915,686,1894.33,Fulfilled
2815,1916,83,1894.33,Fulfilled
2816,1917,290,1894.33,Not Fulfilled
2817,1918,707,1894.33,Not Fulfilled
2818,1919,702,1894.33,Fulfilled
2819,1920,132,1894.33,Not Fulfilled
2820,1921,362,1894.33,Fulfilled
2821,1922,1087,1894.33,Not Fulfilled
2822,1923,502,1894.33,Not Fulfilled
2823,1924,7,1894.33,Not Fulfilled
2824,1925,53,1894.33,Fulfilled
2825,1926,582,1894.33,Fulfilled
2826,1927,647,1894.33,Fulfilled
2827,1928,1143,1894.33,Not Fulfilled
2828,1929,25,1894.33,Fulfilled
2829,1930,329,1894.33,Not Fulfilled
2830,1931,445,1894.33,Not Fulfilled
2831,1932,129,1894.33,Fulfilled
2832,1933,1101,1894.33,Not Fulfilled
2833,1934,610,1894.33,Not Fulfilled
2834,1935,319,1894.33,Not Fulfilled
2835,1936,513,1894.33,Fulfilled
2836,1937,1213,1894.33,Fulfilled
2837,1938,76,1894.33,Fulfilled
2838,1939,83,1894.33,Fulfilled
2839,1940,1116,1894.33,Fulfilled
2840,1941,53,1894.33,Not Fulfilled
2841,1942,443,1894.33,Fulfilled
2842,1943,263,1894.33,Fulfilled
2843,1944,471,1894.33,Not Fulfilled
2844,1945,796,1894.33,Fulfilled
2845,1946,1160,1894.33,Fulfilled
2846,1947,437,1894.33,Not Fulfilled
2847,1948,975,1894.33,Fulfilled
2848,1949,53,1894.33,Not Fulfilled
2849,1950,111,1894.33,Not Fulfilled
2850,1951,270,1894.33,Fulfilled
2851,1952,211,1894.33,Not Fulfilled
2852,1953,1152,1894.33,Fulfilled
2853,1954,837,1894.33,Fulfilled
2854,1955,383,1894.33,Not Fulfilled
2855,1956,565,1894.33,Not Fulfilled
2856,1957,213,1894.33,Not Fulfilled
2857,1958,669,1894.33,Fulfilled
2858,1959,824,1894.33,Not Fulfilled
2859,1960,1126,1894.33,Not Fulfilled
2860,1961,1063,1894.33,Not Fulfilled
2861,1962,1035,1894.33,Not Fulfilled
2862,1963,926,1894.33,Not Fulfilled
2863,1964,1505,1894.33,Not Fulfilled
2864,1965,605,1894.33,Fulfilled
2865,1966,664,1894.33,Fulfilled
2866,1967,11,1894.33,Not Fulfilled
2867,1968,846,1894.33,Fulfilled
2868,1969,1009,1894.33,Not Fulfilled
2869,1970,975,1894.33,Fulfilled
2870,1971,60,1894.33,Not Fulfilled
2871,1972,1647,1894.33,Not Fulfilled
2872,1973,294,1894.33,Not Fulfilled
2873,1974,112,1894.33,Fulfilled
2874,1975,92,1894.33,Not Fulfilled
2875,1976,317,1894.33,Fulfilled
2876,1977,183,1894.33,Not Fulfilled
2877,1978,681,1894.33,Fulfilled
2878,1979,105,1894.33,Not Fulfilled
2879,1980,65,1894.33,Fulfilled
2880,1981,1130,1894.33,Fulfilled
2881,1982,389,1894.33,Not Fulfilled
2882,1983,1378,1894.33,Not Fulfilled
2883,1984,274,1894.33,Not Fulfilled
2884,1985,746,1894.33,Fulfilled
2885,1986,3,1894.33,Not Fulfilled
2886,1987,1056,1894.33,Fulfilled
2887,1988,984,1894.33,Not Fulfilled
2888,1989,3,1894.33,Not Fulfilled
2889,1990,412,1894.33,Not Fulfilled
2890,1991,348,1894.33,Not Fulfilled
2891,1992,10,1894.33,Fulfilled
2892,1993,132,1894.33,Not Fulfilled
2893,1994,435,1894.33,Not Fulfilled
2894,1995,147,1894.33,Fulfilled
2895,1996,469,1894.33,Not Fulfilled
2896,1997,327,1894.33,Fulfilled
2897,1998,223,1894.33,Not Fulfilled
2898,1999,890,1894.33,Not Fulfilled
2899,2000,31,1894.33,Fulfilled
2900,2001,135,1894.33,Fulfilled
2901,2002,662,1894.33,Fulfilled
2902,2003,64,1894.33,Fulfilled
2903,2004,602,1894.33,Fulfilled
2904,2005,134,1894.33,Not Fulfilled
2905,2006,1390,1894.33,Fulfilled
2906,2007,194,1894.33,Fulfilled
2907,2008,291,1894.33,Fulfilled
2908,2009,1330,1894.33,Fulfilled
2909,2010,106,1894.33,Not Fulfilled
2910,2011,1009,1894.33,Fulfilled
2911,2012,1028,1894.33,Not Fulfilled
2912,2013,1169,1894.33,Fulfilled
2913,2014,72,1894.33,Not Fulfilled
2914,2015,162,1894.33,Fulfilled
2915,2016,47,1894.33,Fulfilled
2916,2017,1,1894.33,Fulfilled
2917,2018,39,1894.33,Fulfilled
2918,2019,401,1894.33,Fulfilled
2919,2020,105,1894.33,Not Fulfilled
2920,2021,486,1894.33,Not Fulfilled
2921,2022,170,1894.33,Fulfilled
2922,2023,10,1894.33,Fulfilled
2923,2024,864,1894.33,Not Fulfilled
2924,2025,674,1894.33,Not Fulfilled
2925,2026,44,1894.33,Fulfilled
2926,2027,795,1894.33,Not Fulfilled
2927,2028,446,1894.33,Not Fulfilled
2928,2029,253,1894.33,Fulfilled
2929,2030,679,1894.33,Fulfilled
2930,2031,214,1894.33,Fulfilled
2931,2032,6,1894.33,Not Fulfilled
2932,2033,78,1894.33,Not Fulfilled
2933,2034,362,1894.33,Not Fulfilled
2934,2035,212,1894.33,Not Fulfilled
2935,2036,1042,1894.33,Fulfilled
2936,2037,456,1894.33,Not Fulfilled
2937,2038,856,1894.33,Fulfilled
2938,2039,153,1894.33,Not Fulfilled
2939,2040,546,1894.33,Fulfilled
2940,2041,45,1894.33,Not Fulfilled
2941,2042,46,1894.33,Not Fulfilled
2942,2043,11,1894.33,Not Fulfilled
2943,2044,769,1894.33,Fulfilled
2944,2045,272,1894.33,Fulfilled
2945,2046,245,1894.33,Not Fulfilled
2946,2047,54,1894.33,Fulfilled
2947,2048,726,1894.33,Fulfilled
2948,2049,180,1894.33,Not Fulfilled
2949,2050,531,1894.33,Fulfilled
2950,2051,398,1894.33,Fulfilled
2951,2052,714,1894.33,Fulfilled
2952,2053,541,1894.33,Not Fulfilled
2953,2054,1206,1894.33,Not Fulfilled
2954,2055,609,1894.33,Not Fulfilled
2955,2056,202,1894.33,Fulfilled
2956,2057,1287,1894.33,Not Fulfilled
2957,2058,504,1894.33,Not Fulfilled
2958,2059,228,1894.33,Fulfilled
2959,2060,71,1894.33,Fulfilled
2960,2061,780,1894.33,Not Fulfilled
2961,2062,377,1894.33,Fulfilled
2962,2063,81,1894.33,Fulfilled
2963,2064,580,1894.33,Fulfilled
2964,2065,1240,1894.33,Fulfilled
2965,2066,584,1894.33,Not Fulfilled
2966,2067,969,1894.33,Fulfilled
2967,2068,5,1894.33,Not Fulfilled
2968,2069,65,1894.33,Fulfilled
2969,2070,336,1894.33,Not Fulfilled
2970,2071,424,1894.33,Fulfilled
2971,2072,145,1894.33,Fulfilled
2972,2073,607,1894.33,Fulfilled
2973,2074,85,1894.33,Fulfilled
2974,2075,349,1894.33,Fulfilled
2975,2076,62,1894.33,Fulfilled
2976,2077,119,1894.33,Fulfilled
2977,2078,283,1894.33,Not Fulfilled
2978,2079,317,1894.33,Fulfilled
2979,2080,309,1894.33,Fulfilled
2980,2081,777,1894.33,Fulfilled
2981,2082,141,1894.33,Fulfilled
2982,2083,17,1894.33,Fulfilled
2983,2084,1371,1894.33,Fulfilled
2984,2085,798,1894.33,Not Fulfilled
2985,2086,378,1894.33,Not Fulfilled
2986,2087,196,1894.33,Not Fulfilled
2987,2088,132,1894.33,Not Fulfilled
2988,2089,304,1894.33,Fulfilled
2989,2090,113,1894.33,Fulfilled
2990,2091,87,1894.33,Fulfilled
2991,2092,707,1894.33,Not Fulfilled
2992,2093,480,1894.33,Not Fulfilled
2993,2094,539,1894.33,Not Fulfilled
2994,2095,659,1894.33,Not Fulfilled
2995,2096,1696,1894.33,Not Fulfilled
2996,2097,858,1894.33,Not Fulfilled
2997,2098,57,1894.33,Fulfilled
2998,2099,192,1894.33,Fulfilled
2999,2100,146,1894.33,Fulfilled
3000,101,99,1894.33,Not Fulfilled
